{
  "nodes": {
    "wanx-image-edit#3": {
      "rfNode": {
        "position": {
          "x": 0,
          "y": 157
        }
      }
    },
    "map#1": {
      "rfNode": {
        "position": {
          "x": 460.33906633906633,
          "y": 157
        }
      }
    }
  },
  "pseudoNodes": {
    "input": {
      "rfNode": {
        "position": {
          "x": -496.72235872235865,
          "y": 166.79606879606877
        }
      }
    },
    "output": {
      "rfNode": {
        "position": {
          "x": 986.3882063882062,
          "y": 366.5847665847665
        }
      }
    }
  }
}