{
  "nodes": {
    "wanx-image-edit#4": {
      "rfNode": {
        "position": {
          "x": 338.9884308940346,
          "y": -199.02324914929673
        }
      }
    }
  }
}